ID,Name,Ore,Cu
DepositID1,DepositName1,147204644.6,0.520326116
DepositID2,DepositName2,25973546.68,0.30269779
DepositID3,DepositName3,220751457.8,0.602454528
DepositID4,DepositName4,97091334.08,0.443977033
DepositID5,DepositName5,2139367354,0.589384607
DepositID6,DepositName6,423450357.3,0.339969901
DepositID7,DepositName7,4388248514,0.848712999
DepositID8,DepositName8,68371545.84,0.19906618
DepositID9,DepositName9,1373401942,0.926665014